{
  "test/unit/controller/View1.controller.js": 1595400082000,
  "i18n/i18n.properties": 1595400661000,
  "manifest.json": 1595567242549,
  "i18n/i18n_ja.properties": 1595567195231,
  "test/integration/pages/View1.js": 1595400082000,
  "test/integration/arrangements/Startup.js": 1595400082000,
  "test/unit/unitTests.qunit.js": 1595400082000,
  "test/unit/AllTests.js": 1595400082000,
  "test/integration/opaTests.qunit.js": 1595400082000,
  "test/integration/NavigationJourney.js": 1595400082000,
  "test/integration/AllJourneys.js": 1595400082000,
  "test/initMockServer.js": 1595400082000,
  "localService/mockserver.js": 1595400082000,
  "model/models.js": 1595400082000,
  "controller/View1.controller.js": 1595400082000,
  "controller/List.controller.js": 1595400805000,
  "controller/Detail.controller.js": 1595400983000,
  "Component.js": 1595400082000,
  "manifest-bundle.zip": 1595567239749,
  "Component-preload.js": 1595567241558,
  "test/integration/opaTests.qunit-dbg.js": 1595400082000,
  "test/integration/pages/View1-dbg.js": 1595400082000,
  "test/integration/arrangements/Startup-dbg.js": 1595400082000,
  "test/unit/unitTests.qunit-dbg.js": 1595400082000,
  "test/unit/AllTests-dbg.js": 1595400082000,
  "test/unit/controller/View1-dbg.controller.js": 1595400082000,
  "test/integration/NavigationJourney-dbg.js": 1595400082000,
  "test/integration/AllJourneys-dbg.js": 1595400082000,
  "test/initMockServer-dbg.js": 1595400082000,
  "localService/mockserver-dbg.js": 1595400082000,
  "model/models-dbg.js": 1595400082000,
  "controller/View1-dbg.controller.js": 1595400082000,
  "controller/List-dbg.controller.js": 1595400805000,
  "controller/Detail-dbg.controller.js": 1595400983000,
  "Component-dbg.js": 1595400082000,
  "resources.json": 1595567242553,
  "test/unit/unitTests.qunit.html": 1595400082000,
  "test/integration/opaTests.qunit.html": 1595400082000,
  "view/View1.view.xml": 1595400240000,
  "view/List.view.xml": 1595400730000,
  "view/Detail.view.xml": 1595400898000,
  "test/mockServer.html": 1595400082000,
  "localService/metadata.xml": 1595400082000,
  "css/style.css": 1595400082000,
  "index.html": 1595400082000
}